{"cameraMode":{"drawMode":0,"name":"Shaded","section":"Shading Mode"},"sceneLighting":true,"audioPlay":false,"sceneViewState":{"showFog":true,"showMaterialUpdate":false,"showSkybox":true,"showFlares":true,"showImageEffects":true,"showParticleSystems":true},"in2DMode":false,"pivot":{"x":-1.196136236190796,"y":0.30213651061058047,"z":2.111848831176758},"rotation":{"x":0.001499295118264854,"y":0.027597900480031968,"z":-0.000040996405004989356,"w":0.9996204376220703},"size":20.09979820251465,"orthographic":false}