{"cameraMode":{"drawMode":0,"name":"Shaded","section":"Shading Mode"},"sceneLighting":true,"audioPlay":false,"sceneViewState":{"showFog":true,"showMaterialUpdate":false,"showSkybox":true,"showFlares":true,"showImageEffects":true,"showParticleSystems":true},"in2DMode":false,"pivot":{"x":-0.19166719913482667,"y":1.3571884632110596,"z":-0.21311283111572267},"rotation":{"x":0.0731523334980011,"y":0.0872533917427063,"z":-0.006424238905310631,"w":0.9934782981872559},"size":17.854501724243165,"orthographic":false}